Album Name,Artist,Year of Release,Genre,Label,Number of Tracks,Sales (millions),Commentary
Abbey Road,The Beatles,1969,Rock,Apple Records,17,31,A timeless classic that showcases The Beatles at their creative peak.
The Dark Side of the Moon,Pink Floyd,1973,Progressive Rock,Harvest Records,10,45,One of the most influential albums of all time with innovative sound engineering.
Thriller,Michael Jackson,1982,Pop,Epic Records,9,70,"The best-selling album of all time, blending pop, rock, and R&B seamlessly."
Rumours,Fleetwood Mac,1977,Rock,Warner Bros. Records,11,40,An emotionally charged record capturing the band's internal turmoil.
The Wall,Pink Floyd,1979,Rock,Harvest Records,26,30,"A rock opera that explores themes of isolation, war, and rebellion."
Back in Black,AC/DC,1980,Hard Rock,Atlantic Records,10,50,"A tribute to their former lead singer, it became one of the best-selling albums ever."
Hotel California,Eagles,1976,Rock,Asylum Records,9,32,"Known for its title track, the album is a defining moment in '70s rock."
Born to Run,Bruce Springsteen,1975,Rock,Columbia Records,8,6,Springsteen's breakout album with epic tales of American life.
Nevermind,Nirvana,1991,Grunge,DGC Records,12,30,A defining album of the 1990s that brought grunge to the mainstream.
The Joshua Tree,U2,1987,Rock,Island Records,11,25,A politically charged and spiritually influenced masterpiece.
